{
  "version": "1.1.1",
  "windows": {
    "main": {
      "main": true,
      "url": "app://editor/index.html",
      "windowType": "dockable",
      "x": 0,
      "y": 0,
      "width": 1920,
      "height": 1040,
      "layout": {
        "children": [
          {
            "children": [
              {
                "active": 0,
                "children": [
                  "hierarchy"
                ],
                "height": 296,
                "type": "panel",
                "width": 204
              },
              {
                "active": 0,
                "children": [
                  "assets"
                ],
                "height": 622.984375,
                "type": "panel",
                "width": 204
              }
            ],
            "height": 922,
            "type": "dock-v",
            "width": 204
          },
          {
            "children": [
              {
                "active": 0,
                "children": [
                  "scene"
                ],
                "height": 623.984375,
                "type": "panel",
                "width": 1089
              },
              {
                "active": 0,
                "children": [
                  "console",
                  "timeline",
                  "game-window"
                ],
                "height": 295,
                "type": "panel",
                "width": 1089
              }
            ],
            "height": 922,
            "type": "dock-v",
            "width": 1089
          },
          {
            "active": 0,
            "children": [
              "inspector",
              "cocos-services",
              "node-library"
            ],
            "height": 922,
            "type": "panel",
            "width": 605
          }
        ],
        "type": "dock-h"
      },
      "panels": [
        "hierarchy",
        "assets",
        "scene",
        "console",
        "timeline",
        "game-window",
        "inspector",
        "cocos-services",
        "node-library"
      ]
    },
    "worker": {}
  },
  "panels": {},
  "panelLabelWidth": {
    "inspector": null
  }
}
